,provincia,coste,duration,prec,tmed,velmedia,presmed,sol
879,ALICANTE,65876753.0,1,3.066666666666667,19.099999999999994,4.883333333333334,1011.9625000000001,4.05
891,VALENCIA,64935113.0,1,45.81666666666666,14.733333333333334,5.6,986.3499999999999,0.0
