,provincia,coste,duration,prec,tmed,velmedia,presmed,sol
7,A CORUNA,340385.0,1,27.2375,11.925,10.2125,981.74,2.25
8,ALMERIA,332270.0,1,0.3666666666666667,7.94,1.58,991.77,0.5
13,ILLES BALEARS,344293.0,1,5.966666666666666,13.5,7.01,1004.6583333333333,3.25
15,TARRAGONA,658842.0,2,11.4,3.75,3.2750000000000004,1002.4875,0.0
33,CADIZ,574175.0,3,0.5238095238095238,15.495238095238095,6.290476190476191,997.4095238095238,8.15
35,MALAGA,447968.0,1,2.28,16.1,9.3,1008.8,3.9
