,provincia,SCRI_FLOOD,SCRI_WINDSTORM,SCRI_SEASTORM
15,CEUTA,1.0,1.183395693,2.026754386
19,GIPUZKOA,1.0,1.125,2.0
21,GRANADA,1.1,1.183395693,2.026754386
23,HUELVA,1.0,1.666666667,2.0
25,ILLES BALEARS,1.142857143,1.192307692,2.083333333
26,JAEN,1.0,1.183395693,2.026754386
34,MURCIA,1.090909091,1.125,2.0
35,NAVARRA,1.142857143,1.181818182,2.026754386
48,VALLADOLID,1.0,1.183395693,2.026754386
