,provincia,SCRI_FLOOD,SCRI_WINDSTORM,SCRI_SEASTORM
0,A CORUNA,1.292682927,1.111111111,1.75
1,ALBACETE,1.333333333,1.183395693,2.026754386
9,BIZKAIA,1.333333333,1.052631579,2.0
14,CASTELLON,1.375,1.0,2.0
20,GIRONA,1.339622642,1.076923077,1.875
39,SALAMANCA,1.222222222,1.0,2.026754386
47,VALENCIA,1.576923077,1.4,1.833333333
