,provincia,SCRI_FLOOD,SCRI_WINDSTORM,SCRI_SEASTORM
2,ALICANTE,1.642857143,1.375,2.333333333
8,BARCELONA,1.382716049,1.923076923,2.333333333
44,TARRAGONA,1.148148148,1.111111111,2.3
