,provincia,coste,duration,prec,tmed,velmedia,presmed,sol
15,A CORUNA,1698934.0,1,0.24,9.06,10.12,1019.05,0.9666666666666668
17,CASTELLON,1351042.0,1,59.15,3.866666666666667,6.55,955.025,0.0
18,GIRONA,920656.0,1,3.4,1.9333333333333336,2.7,835.35,0.0
22,VALENCIA,1289111.0,1,73.77142857142857,6.471428571428571,8.266666666666667,984.2,0.125
34,GIRONA,626210.0,1,51.96666666666667,5.95,1.8,831.95,0.0
